-- ============================================================
-- 电商物流管理系统 - 假数据 (fake_data.sql)
-- 业务流程: 商家入库 → 上架 → 顾客下单 → 商家发货 → 快递员揽收 → 运输 → 到达 → 顾客收货
-- 订单状态: 0=未发货, 1=已发货, 2=已揽收, 3=运输中, 4=已到达, 5=已收货
-- 批次状态: 0=待出发, 1=配送中, 2=已完成
-- delivery_route.status: PENDING / IN_PROGRESS / COMPLETED
-- ============================================================

SET NAMES utf8mb4;
SET FOREIGN_KEY_CHECKS = 0;

-- 清空所有表（按依赖顺序）
DELETE FROM delivery_location;
DELETE FROM delivery_route;
DELETE FROM delivery_batch_orders;
DELETE FROM delivery_batches;
DELETE FROM orders;
DELETE FROM mall;
DELETE FROM inventory;
DELETE FROM delivery_personnel;
DELETE FROM address;
DELETE FROM users;

-- ============================================================
-- 1. 用户 (BCrypt hash of "123")
-- ============================================================
INSERT INTO users (id, username, password, role) VALUES
(1,  '系统管理员', '$2a$10$plrVTP6AlVFrM2QWZnWiguiqrxkbsl2IscIn.AUfyDVR08JEzM9q2', 'admin'),
(2,  '京东自营',   '$2a$10$plrVTP6AlVFrM2QWZnWiguiqrxkbsl2IscIn.AUfyDVR08JEzM9q2', 'merchant'),
(3,  '天猫超市',   '$2a$10$plrVTP6AlVFrM2QWZnWiguiqrxkbsl2IscIn.AUfyDVR08JEzM9q2', 'merchant'),
(4,  '苏宁易购',   '$2a$10$plrVTP6AlVFrM2QWZnWiguiqrxkbsl2IscIn.AUfyDVR08JEzM9q2', 'merchant'),
(5,  '张伟',       '$2a$10$plrVTP6AlVFrM2QWZnWiguiqrxkbsl2IscIn.AUfyDVR08JEzM9q2', 'driver'),
(6,  '李强',       '$2a$10$plrVTP6AlVFrM2QWZnWiguiqrxkbsl2IscIn.AUfyDVR08JEzM9q2', 'driver'),
(7,  '王磊',       '$2a$10$plrVTP6AlVFrM2QWZnWiguiqrxkbsl2IscIn.AUfyDVR08JEzM9q2', 'driver'),
(8,  '赵刚',       '$2a$10$plrVTP6AlVFrM2QWZnWiguiqrxkbsl2IscIn.AUfyDVR08JEzM9q2', 'driver'),
(9,  '刘天赐',     '$2a$10$plrVTP6AlVFrM2QWZnWiguiqrxkbsl2IscIn.AUfyDVR08JEzM9q2', 'consumer'),
(10, '陈小明',     '$2a$10$plrVTP6AlVFrM2QWZnWiguiqrxkbsl2IscIn.AUfyDVR08JEzM9q2', 'consumer'),
(11, '林美琪',     '$2a$10$plrVTP6AlVFrM2QWZnWiguiqrxkbsl2IscIn.AUfyDVR08JEzM9q2', 'consumer'),
(12, '黄晓峰',     '$2a$10$plrVTP6AlVFrM2QWZnWiguiqrxkbsl2IscIn.AUfyDVR08JEzM9q2', 'consumer'),
(13, '周雨萱',     '$2a$10$plrVTP6AlVFrM2QWZnWiguiqrxkbsl2IscIn.AUfyDVR08JEzM9q2', 'consumer'),
(14, '吴志远',     '$2a$10$plrVTP6AlVFrM2QWZnWiguiqrxkbsl2IscIn.AUfyDVR08JEzM9q2', 'consumer'),
(15, '赵丽颖',     '$2a$10$plrVTP6AlVFrM2QWZnWiguiqrxkbsl2IscIn.AUfyDVR08JEzM9q2', 'consumer'),
(16, '孙浩然',     '$2a$10$plrVTP6AlVFrM2QWZnWiguiqrxkbsl2IscIn.AUfyDVR08JEzM9q2', 'consumer');

-- ============================================================
-- 2. 配送员绑定仓库
-- ============================================================
INSERT INTO delivery_personnel (id, user_id, warehouse_id) VALUES
(1, 5, 1),
(2, 6, 2),
(3, 7, 3),
(4, 8, 6);

-- ============================================================
-- 3. 消费者收货地址
-- ============================================================
INSERT INTO address (id, user_id, receiver_name, receiver_phone, province, city, district, detail_address, latitude, longitude, is_default) VALUES
(1,  9,  '刘天赐', '13800001001', '北京市', '北京市', '朝阳区',   '三里屯SOHO A座1201',                39.9332700, 116.4543200, 1),
(2,  9,  '刘天赐', '13800001001', '北京市', '北京市', '海淀区',   '中关村软件园二期8号楼',              40.0508300, 116.3032900, 0),
(3,  10, '陈小明', '13800001002', '上海市', '上海市', '浦东新区', '陆家嘴环路1000号',                   31.2397200, 121.4997600, 1),
(4,  11, '林美琪', '13800001003', '广东省', '广州市', '天河区',   '天河路385号太古汇',                  23.1291100, 113.3250200, 1),
(5,  12, '黄晓峰', '13800001004', '浙江省', '杭州市', '西湖区',   '文三路478号华星时代广场',            30.2741500, 120.1301900, 1),
(6,  13, '周雨萱', '13800001005', '四川省', '成都市', '锦江区',   '春熙路步行街IFS国际金融中心',         30.6571300, 104.0817200, 1),
(7,  14, '吴志远', '13800001006', '湖北省', '武汉市', '武昌区',   '楚河汉街万达广场',                   30.5537800, 114.3529500, 1),
(8,  10, '陈小明', '13800001002', '上海市', '上海市', '徐汇区',   '漕河泾开发区田林路388号',            31.1685200, 121.4012300, 0),
(9,  11, '林美琪', '13800001003', '广东省', '深圳市', '南山区',   '科技园南区深南大道9966号',            22.5431000, 113.9530000, 0),
(10, 14, '吴志远', '13800001006', '湖北省', '武汉市', '江汉区',   '武汉天地壹方购物中心',               30.5985600, 114.2935800, 0),
(11, 15, '赵丽颖', '13800001007', '江苏省', '南京市', '鼓楼区',   '新街口德基广场二期',                 32.0484200, 118.7780500, 1),
(12, 16, '孙浩然', '13800001008', '陕西省', '西安市', '雁塔区',   '大雁塔南广场慈恩路1号',              34.2186400, 108.9596300, 1);

-- ============================================================
-- 4. 库存 (商家入库) — 带商品描述
-- R2: https://pub-21cebd4de3484e8b91a8e06a5f6b9c78.r2.dev/products/
-- ============================================================
INSERT INTO inventory (product_id, user_id, product_name, description, quantity, image_url, is_published, warehouse_id, stock_in_date) VALUES
(1001, 2, 'PS5游戏手柄',       'Sony DualSense无线手柄，自适应扳机+触觉反馈，USB-C充电，兼容PS5/PC，午夜黑配色',                200,  'https://pub-21cebd4de3484e8b91a8e06a5f6b9c78.r2.dev/products/ps5-controller.jpg',       1, 1, '2026-01-15 09:00:00'),
(1002, 2, 'Switch游戏机',      'Nintendo Switch OLED版，7英寸OLED屏幕，64GB内存，白色Joy-Con，支持TV/桌面/掌机三模式',          150,  'https://pub-21cebd4de3484e8b91a8e06a5f6b9c78.r2.dev/products/nintendo-switch.webp',     1, 1, '2026-01-15 09:30:00'),
(1003, 2, 'AirPods Pro',       'Apple AirPods Pro 第二代，主动降噪+通透模式，自适应音频，MagSafe充电盒，USB-C接口',              300,  'https://pub-21cebd4de3484e8b91a8e06a5f6b9c78.r2.dev/products/airpods-pro.jpg',          1, 1, '2026-01-16 10:00:00'),
(1004, 2, '罗技无线鼠标',      'Logitech MX Anywhere 3，4000DPI激光传感器，蓝牙+USB双模，可在玻璃上使用，70天续航',             500,  'https://pub-21cebd4de3484e8b91a8e06a5f6b9c78.r2.dev/products/wireless-mouse.jpg',       1, 1, '2026-01-16 10:30:00'),
(1005, 2, '机械键盘',          'Logitech K845机械键盘，Cherry MX红轴，全尺寸104键，白色背光，铝合金面板，有线USB',              180,  'https://pub-21cebd4de3484e8b91a8e06a5f6b9c78.r2.dev/products/mechanical-keyboard.jpg',  1, 1, '2026-01-17 08:00:00'),
(1006, 3, '苹果17Pro',         'iPhone 17 Pro，A19 Pro芯片，6.3英寸ProMotion屏幕，4800万像素三摄，钛金属边框，256GB',           100,  'https://pub-21cebd4de3484e8b91a8e06a5f6b9c78.r2.dev/products/iphone-17-pro.jpg',       1, 2, '2026-01-18 09:00:00'),
(1007, 3, '黑人牙膏',          '黑人（DARLIE）双重薄荷牙膏225g，含氟防蛀，清新口气持久，温和不刺激，家庭装',                    800,  'https://pub-21cebd4de3484e8b91a8e06a5f6b9c78.r2.dev/products/darlie-toothpaste.jpg',   1, 2, '2026-01-18 09:30:00'),
(1008, 3, '飞利浦电动牙刷',    'Philips Sonicare 9900 Prestige，声波震动62000次/分钟，AI智能感应，4种模式，续航14天',            250,  'https://pub-21cebd4de3484e8b91a8e06a5f6b9c78.r2.dev/products/philips-toothbrush.jpg',  1, 2, '2026-01-19 10:00:00'),
(1009, 3, '康师傅红烧牛肉面',  '康师傅经典红烧牛肉面，大块牛肉粒+浓郁汤底，方便面袋装5连包，净含量500g',                       1000, 'https://pub-21cebd4de3484e8b91a8e06a5f6b9c78.r2.dev/products/instant-noodles.jpg',     1, 2, '2026-01-19 10:30:00'),
(1010, 3, '农夫山泉矿泉水',    '农夫山泉天然饮用水550ml，源自长白山深层泉水，弱碱性，适合日常饮用，单瓶装',                     2000, 'https://pub-21cebd4de3484e8b91a8e06a5f6b9c78.r2.dev/products/mineral-water.jpg',       1, 2, '2026-01-20 08:00:00'),
(1011, 4, '乐事薯片',          '乐事（Lay''s）经典原味薯片75g，精选优质土豆，薄脆口感，休闲零食必备',                            600,  'https://pub-21cebd4de3484e8b91a8e06a5f6b9c78.r2.dev/products/lays-chips.jpg',          1, 3, '2026-01-20 09:00:00'),
(1012, 4, '徕芬高速吹风机',    '徕芬SE高速吹风机，11万转无刷电机，1400W大功率，3分钟速干，负离子护发，轻量设计仅325g',           120,  'https://pub-21cebd4de3484e8b91a8e06a5f6b9c78.r2.dev/products/laifen-hairdryer.jpg',    1, 3, '2026-01-21 09:30:00'),
(1013, 4, 'Anker充电宝',       'Anker 安克 PowerCore 10000mAh移动电源，USB-C双向快充20W，超薄便携，可充iPhone约3次',             350,  'https://pub-21cebd4de3484e8b91a8e06a5f6b9c78.r2.dev/products/power-bank.jpg',          1, 3, '2026-01-21 10:00:00'),
(1014, 4, '小米蓝牙耳机',      '小米Buds 4 Pro真无线降噪耳机，48dB深度降噪，LDAC高清音质，IP54防水，续航9小时',                  400,  'https://pub-21cebd4de3484e8b91a8e06a5f6b9c78.r2.dev/products/xiaomi-earbuds.jpg',      1, 3, '2026-01-22 10:30:00'),
(1015, 4, 'USB-C数据线',       'Anker USB-C to USB-C 100W快充数据线1.8m，尼龙编织耐弯折，支持PD3.0/QC4.0，兼容MacBook/iPad',    1500, 'https://pub-21cebd4de3484e8b91a8e06a5f6b9c78.r2.dev/products/usb-c-cable.jpg',         1, 3, '2026-01-22 11:00:00');

-- ============================================================
-- 5. 商城上架 — 带商品描述
-- ============================================================
INSERT INTO mall (product_id, merchant_id, product_name, description, available_quantity, price, is_published, image_url, warehouse_id, publish_time) VALUES
(1001, 2, 'PS5游戏手柄',       'Sony DualSense无线手柄，自适应扳机+触觉反馈，USB-C充电，兼容PS5/PC，午夜黑配色',                80,  469.00,  1, 'https://pub-21cebd4de3484e8b91a8e06a5f6b9c78.r2.dev/products/ps5-controller.jpg',       1, '2026-01-20 10:00:00'),
(1002, 2, 'Switch游戏机',      'Nintendo Switch OLED版，7英寸OLED屏幕，64GB内存，白色Joy-Con，支持TV/桌面/掌机三模式',          50,  2099.00, 1, 'https://pub-21cebd4de3484e8b91a8e06a5f6b9c78.r2.dev/products/nintendo-switch.webp',     1, '2026-01-20 10:30:00'),
(1003, 2, 'AirPods Pro',       'Apple AirPods Pro 第二代，主动降噪+通透模式，自适应音频，MagSafe充电盒，USB-C接口',              100, 1799.00, 1, 'https://pub-21cebd4de3484e8b91a8e06a5f6b9c78.r2.dev/products/airpods-pro.jpg',          1, '2026-01-21 09:00:00'),
(1004, 2, '罗技无线鼠标',      'Logitech MX Anywhere 3，4000DPI激光传感器，蓝牙+USB双模，可在玻璃上使用，70天续航',             200, 299.00,  1, 'https://pub-21cebd4de3484e8b91a8e06a5f6b9c78.r2.dev/products/wireless-mouse.jpg',       1, '2026-01-21 09:30:00'),
(1005, 2, '机械键盘',          'Logitech K845机械键盘，Cherry MX红轴，全尺寸104键，白色背光，铝合金面板，有线USB',              60,  599.00,  1, 'https://pub-21cebd4de3484e8b91a8e06a5f6b9c78.r2.dev/products/mechanical-keyboard.jpg',  1, '2026-01-22 08:00:00'),
(1006, 3, '苹果17Pro',         'iPhone 17 Pro，A19 Pro芯片，6.3英寸ProMotion屏幕，4800万像素三摄，钛金属边框，256GB',           30,  8999.00, 1, 'https://pub-21cebd4de3484e8b91a8e06a5f6b9c78.r2.dev/products/iphone-17-pro.jpg',       2, '2026-01-23 09:00:00'),
(1007, 3, '黑人牙膏',          '黑人（DARLIE）双重薄荷牙膏225g，含氟防蛀，清新口气持久，温和不刺激，家庭装',                    300, 12.90,   1, 'https://pub-21cebd4de3484e8b91a8e06a5f6b9c78.r2.dev/products/darlie-toothpaste.jpg',   2, '2026-01-23 09:30:00'),
(1008, 3, '飞利浦电动牙刷',    'Philips Sonicare 9900 Prestige，声波震动62000次/分钟，AI智能感应，4种模式，续航14天',            80,  349.00,  1, 'https://pub-21cebd4de3484e8b91a8e06a5f6b9c78.r2.dev/products/philips-toothbrush.jpg',  2, '2026-01-24 10:00:00'),
(1009, 3, '康师傅红烧牛肉面',  '康师傅经典红烧牛肉面，大块牛肉粒+浓郁汤底，方便面袋装5连包，净含量500g',                       500, 4.50,    1, 'https://pub-21cebd4de3484e8b91a8e06a5f6b9c78.r2.dev/products/instant-noodles.jpg',     2, '2026-01-24 10:30:00'),
(1010, 3, '农夫山泉矿泉水',    '农夫山泉天然饮用水550ml，源自长白山深层泉水，弱碱性，适合日常饮用，单瓶装',                     800, 2.00,    1, 'https://pub-21cebd4de3484e8b91a8e06a5f6b9c78.r2.dev/products/mineral-water.jpg',       2, '2026-01-25 08:00:00'),
(1011, 4, '乐事薯片',          '乐事（Lay''s）经典原味薯片75g，精选优质土豆，薄脆口感，休闲零食必备',                            200, 8.90,    1, 'https://pub-21cebd4de3484e8b91a8e06a5f6b9c78.r2.dev/products/lays-chips.jpg',          3, '2026-01-25 09:00:00'),
(1012, 4, '徕芬高速吹风机',    '徕芬SE高速吹风机，11万转无刷电机，1400W大功率，3分钟速干，负离子护发，轻量设计仅325g',           40,  399.00,  1, 'https://pub-21cebd4de3484e8b91a8e06a5f6b9c78.r2.dev/products/laifen-hairdryer.jpg',    3, '2026-01-26 09:30:00'),
(1013, 4, 'Anker充电宝',       'Anker 安克 PowerCore 10000mAh移动电源，USB-C双向快充20W，超薄便携，可充iPhone约3次',             150, 129.00,  1, 'https://pub-21cebd4de3484e8b91a8e06a5f6b9c78.r2.dev/products/power-bank.jpg',          3, '2026-01-26 10:00:00'),
(1014, 4, '小米蓝牙耳机',      '小米Buds 4 Pro真无线降噪耳机，48dB深度降噪，LDAC高清音质，IP54防水，续航9小时',                  180, 199.00,  1, 'https://pub-21cebd4de3484e8b91a8e06a5f6b9c78.r2.dev/products/xiaomi-earbuds.jpg',      3, '2026-01-27 10:30:00'),
(1015, 4, 'USB-C数据线',       'Anker USB-C to USB-C 100W快充数据线1.8m，尼龙编织耐弯折，支持PD3.0/QC4.0，兼容MacBook/iPad',    600, 19.90,   1, 'https://pub-21cebd4de3484e8b91a8e06a5f6b9c78.r2.dev/products/usb-c-cable.jpg',         3, '2026-01-27 11:00:00');

-- ============================================================
-- 6. 订单 (30笔)
-- 状态: 0=未发货, 1=已发货, 2=已揽收, 3=运输中, 4=已到达, 5=已收货
-- ============================================================
INSERT INTO orders (order_id, customer_id, merchant_id, product_id, product_name, quantity, unit_price, total_amount, address_id, image_url, status, warehouse_id, order_time, ship_time, pickup_time, delivery_time, receive_time) VALUES
-- === 已收货 (status=5) — 12笔 ===
(10001, 9,  2, 1001, 'PS5游戏手柄',      1,  469.00,  469.00,  1,  'https://pub-21cebd4de3484e8b91a8e06a5f6b9c78.r2.dev/products/ps5-controller.jpg',      5, 1, '2026-02-01 14:30:00', '2026-02-01 17:00:00', '2026-02-02 08:30:00', '2026-02-03 14:00:00', '2026-02-04 16:00:00'),
(10002, 10, 3, 1006, '苹果17Pro',         1,  8999.00, 8999.00, 3,  'https://pub-21cebd4de3484e8b91a8e06a5f6b9c78.r2.dev/products/iphone-17-pro.jpg',      5, 2, '2026-02-01 15:00:00', '2026-02-01 18:00:00', '2026-02-02 09:00:00', '2026-02-03 16:00:00', '2026-02-04 10:30:00'),
(10003, 11, 4, 1012, '徕芬高速吹风机',    1,  399.00,  399.00,  4,  'https://pub-21cebd4de3484e8b91a8e06a5f6b9c78.r2.dev/products/laifen-hairdryer.jpg',   5, 3, '2026-02-02 09:15:00', '2026-02-02 14:00:00', '2026-02-03 08:30:00', '2026-02-04 15:00:00', '2026-02-05 11:00:00'),
(10004, 12, 3, 1009, '康师傅红烧牛肉面',  24, 4.50,    108.00,  5,  'https://pub-21cebd4de3484e8b91a8e06a5f6b9c78.r2.dev/products/instant-noodles.jpg',    5, 2, '2026-02-02 10:00:00', '2026-02-02 15:00:00', '2026-02-03 09:00:00', '2026-02-04 17:00:00', '2026-02-05 14:00:00'),
(10005, 13, 2, 1003, 'AirPods Pro',        1,  1799.00, 1799.00, 6,  'https://pub-21cebd4de3484e8b91a8e06a5f6b9c78.r2.dev/products/airpods-pro.jpg',        5, 1, '2026-02-03 11:30:00', '2026-02-03 16:00:00', '2026-02-04 08:00:00', '2026-02-05 14:00:00', '2026-02-06 09:00:00'),
(10006, 14, 4, 1011, '乐事薯片',          10, 8.90,    89.00,   7,  'https://pub-21cebd4de3484e8b91a8e06a5f6b9c78.r2.dev/products/lays-chips.jpg',         5, 3, '2026-02-03 14:00:00', '2026-02-03 18:00:00', '2026-02-04 08:30:00', '2026-02-05 16:00:00', '2026-02-06 15:30:00'),
(10007, 9,  3, 1007, '黑人牙膏',          5,  12.90,   64.50,   1,  'https://pub-21cebd4de3484e8b91a8e06a5f6b9c78.r2.dev/products/darlie-toothpaste.jpg',  5, 2, '2026-02-04 08:00:00', '2026-02-04 12:00:00', '2026-02-05 08:00:00', '2026-02-06 14:00:00', '2026-02-07 10:00:00'),
(10008, 10, 2, 1004, '罗技无线鼠标',      2,  299.00,  598.00,  3,  'https://pub-21cebd4de3484e8b91a8e06a5f6b9c78.r2.dev/products/wireless-mouse.jpg',     5, 1, '2026-02-05 09:30:00', '2026-02-05 14:00:00', '2026-02-06 08:00:00', '2026-02-07 15:00:00', '2026-02-08 11:00:00'),
(10009, 15, 3, 1008, '飞利浦电动牙刷',    1,  349.00,  349.00,  11, 'https://pub-21cebd4de3484e8b91a8e06a5f6b9c78.r2.dev/products/philips-toothbrush.jpg', 5, 2, '2026-02-05 10:00:00', '2026-02-05 15:00:00', '2026-02-06 08:30:00', '2026-02-07 16:00:00', '2026-02-08 09:00:00'),
(10010, 16, 4, 1013, 'Anker充电宝',       1,  129.00,  129.00,  12, 'https://pub-21cebd4de3484e8b91a8e06a5f6b9c78.r2.dev/products/power-bank.jpg',         5, 3, '2026-02-06 11:00:00', '2026-02-06 16:00:00', '2026-02-07 08:00:00', '2026-02-08 14:00:00', '2026-02-09 10:00:00'),
(10011, 11, 2, 1005, '机械键盘',          1,  599.00,  599.00,  4,  'https://pub-21cebd4de3484e8b91a8e06a5f6b9c78.r2.dev/products/mechanical-keyboard.jpg',5, 1, '2026-02-07 09:00:00', '2026-02-07 14:00:00', '2026-02-08 08:00:00', '2026-02-09 15:00:00', '2026-02-10 11:00:00'),
(10012, 12, 3, 1010, '农夫山泉矿泉水',    48, 2.00,    96.00,   5,  'https://pub-21cebd4de3484e8b91a8e06a5f6b9c78.r2.dev/products/mineral-water.jpg',      5, 2, '2026-02-07 10:00:00', '2026-02-07 15:00:00', '2026-02-08 08:30:00', '2026-02-09 16:00:00', '2026-02-10 14:00:00'),
-- === 已到达 (status=4) — 3笔 ===
(10013, 11, 3, 1008, '飞利浦电动牙刷',    1,  349.00,  349.00,  4,  'https://pub-21cebd4de3484e8b91a8e06a5f6b9c78.r2.dev/products/philips-toothbrush.jpg', 4, 2, '2026-02-10 10:00:00', '2026-02-10 15:00:00', '2026-02-11 08:00:00', '2026-02-13 08:30:00', NULL),
(10014, 12, 4, 1013, 'Anker充电宝',       2,  129.00,  258.00,  5,  'https://pub-21cebd4de3484e8b91a8e06a5f6b9c78.r2.dev/products/power-bank.jpg',         4, 3, '2026-02-10 11:00:00', '2026-02-10 16:00:00', '2026-02-11 08:30:00', '2026-02-13 09:00:00', NULL),
(10015, 15, 2, 1002, 'Switch游戏机',      1,  2099.00, 2099.00, 11, 'https://pub-21cebd4de3484e8b91a8e06a5f6b9c78.r2.dev/products/nintendo-switch.webp',   4, 1, '2026-02-11 09:00:00', '2026-02-11 14:00:00', '2026-02-12 08:00:00', '2026-02-14 10:00:00', NULL),
-- === 运输中 (status=3) — 4笔 ===
(10016, 13, 2, 1002, 'Switch游戏机',      1,  2099.00, 2099.00, 6,  'https://pub-21cebd4de3484e8b91a8e06a5f6b9c78.r2.dev/products/nintendo-switch.webp',   3, 1, '2026-02-12 14:00:00', '2026-02-12 18:00:00', '2026-02-13 08:00:00', NULL, NULL),
(10017, 14, 3, 1010, '农夫山泉矿泉水',    48, 2.00,    96.00,   7,  'https://pub-21cebd4de3484e8b91a8e06a5f6b9c78.r2.dev/products/mineral-water.jpg',      3, 2, '2026-02-12 15:00:00', '2026-02-12 19:00:00', '2026-02-13 08:30:00', NULL, NULL),
(10018, 9,  4, 1014, '小米蓝牙耳机',      1,  199.00,  199.00,  2,  'https://pub-21cebd4de3484e8b91a8e06a5f6b9c78.r2.dev/products/xiaomi-earbuds.jpg',     3, 3, '2026-02-13 09:00:00', '2026-02-13 14:00:00', '2026-02-14 08:00:00', NULL, NULL),
(10019, 16, 3, 1006, '苹果17Pro',         1,  8999.00, 8999.00, 12, 'https://pub-21cebd4de3484e8b91a8e06a5f6b9c78.r2.dev/products/iphone-17-pro.jpg',      3, 2, '2026-02-13 10:00:00', '2026-02-13 15:00:00', '2026-02-14 08:30:00', NULL, NULL),
-- === 已揽收 (status=2) — 3笔 ===
(10020, 10, 2, 1005, '机械键盘',          1,  599.00,  599.00,  8,  'https://pub-21cebd4de3484e8b91a8e06a5f6b9c78.r2.dev/products/mechanical-keyboard.jpg',2, 1, '2026-02-15 10:00:00', '2026-02-15 15:00:00', '2026-02-16 09:00:00', NULL, NULL),
(10021, 11, 4, 1015, 'USB-C数据线',       3,  19.90,   59.70,   9,  'https://pub-21cebd4de3484e8b91a8e06a5f6b9c78.r2.dev/products/usb-c-cable.jpg',        2, 3, '2026-02-15 11:00:00', '2026-02-15 16:00:00', '2026-02-16 10:00:00', NULL, NULL),
(10022, 15, 4, 1011, '乐事薯片',          20, 8.90,    178.00,  11, 'https://pub-21cebd4de3484e8b91a8e06a5f6b9c78.r2.dev/products/lays-chips.jpg',         2, 3, '2026-02-16 09:00:00', '2026-02-16 14:00:00', '2026-02-17 08:00:00', NULL, NULL),
-- === 已发货 (status=1) — 3笔 ===
(10023, 12, 2, 1001, 'PS5游戏手柄',       2,  469.00,  938.00,  5,  'https://pub-21cebd4de3484e8b91a8e06a5f6b9c78.r2.dev/products/ps5-controller.jpg',     1, 1, '2026-02-17 14:00:00', '2026-02-17 16:00:00', NULL, NULL, NULL),
(10024, 13, 3, 1007, '黑人牙膏',          10, 12.90,   129.00,  6,  'https://pub-21cebd4de3484e8b91a8e06a5f6b9c78.r2.dev/products/darlie-toothpaste.jpg',  1, 2, '2026-02-18 09:00:00', '2026-02-18 11:00:00', NULL, NULL, NULL),
(10025, 16, 2, 1004, '罗技无线鼠标',      1,  299.00,  299.00,  12, 'https://pub-21cebd4de3484e8b91a8e06a5f6b9c78.r2.dev/products/wireless-mouse.jpg',     1, 1, '2026-02-18 10:00:00', '2026-02-18 14:00:00', NULL, NULL, NULL),
-- === 未发货 (status=0) — 5笔 ===
(10026, 14, 2, 1003, 'AirPods Pro',        1,  1799.00, 1799.00, 10, 'https://pub-21cebd4de3484e8b91a8e06a5f6b9c78.r2.dev/products/airpods-pro.jpg',        0, 1, '2026-02-19 10:00:00', NULL, NULL, NULL, NULL),
(10027, 9,  4, 1012, '徕芬高速吹风机',    1,  399.00,  399.00,  1,  'https://pub-21cebd4de3484e8b91a8e06a5f6b9c78.r2.dev/products/laifen-hairdryer.jpg',   0, 3, '2026-02-19 15:30:00', NULL, NULL, NULL, NULL),
(10028, 10, 3, 1009, '康师傅红烧牛肉面',  12, 4.50,    54.00,   3,  'https://pub-21cebd4de3484e8b91a8e06a5f6b9c78.r2.dev/products/instant-noodles.jpg',    0, 2, '2026-02-20 08:00:00', NULL, NULL, NULL, NULL),
(10029, 15, 4, 1014, '小米蓝牙耳机',      2,  199.00,  398.00,  11, 'https://pub-21cebd4de3484e8b91a8e06a5f6b9c78.r2.dev/products/xiaomi-earbuds.jpg',     0, 3, '2026-02-20 09:00:00', NULL, NULL, NULL, NULL),
(10030, 16, 2, 1001, 'PS5游戏手柄',       1,  469.00,  469.00,  12, 'https://pub-21cebd4de3484e8b91a8e06a5f6b9c78.r2.dev/products/ps5-controller.jpg',     0, 1, '2026-02-20 10:00:00', NULL, NULL, NULL, NULL);

-- ============================================================
-- 7. 配送批次 (12个)
-- ============================================================
INSERT INTO delivery_batches (id, driver_id, warehouse_id, status, created_at, started_at, completed_at) VALUES
-- 已完成 (status=2)
(1,  5, 1, 2, '2026-02-02 08:00:00', '2026-02-02 08:30:00', '2026-02-04 16:00:00'),
(2,  6, 2, 2, '2026-02-02 08:30:00', '2026-02-02 09:00:00', '2026-02-05 14:00:00'),
(3,  7, 3, 2, '2026-02-03 08:00:00', '2026-02-03 08:30:00', '2026-02-06 15:30:00'),
(4,  5, 1, 2, '2026-02-05 08:00:00', '2026-02-06 08:00:00', '2026-02-08 11:00:00'),
(5,  6, 2, 2, '2026-02-04 08:00:00', '2026-02-05 08:00:00', '2026-02-07 10:00:00'),
(6,  7, 3, 2, '2026-02-06 08:00:00', '2026-02-07 08:00:00', '2026-02-09 10:00:00'),
(7,  5, 1, 2, '2026-02-08 08:00:00', '2026-02-08 08:30:00', '2026-02-10 11:00:00'),
-- 配送中 (status=1)
(8,  5, 1, 1, '2026-02-14 08:00:00', '2026-02-14 08:30:00', NULL),
(9,  6, 2, 1, '2026-02-14 08:30:00', '2026-02-14 09:00:00', NULL),
(10, 7, 3, 1, '2026-02-14 09:00:00', '2026-02-14 09:30:00', NULL),
-- 待出发 (status=0)
(11, 5, 1, 0, '2026-02-16 08:00:00', NULL, NULL),
(12, 7, 3, 0, '2026-02-16 08:30:00', NULL, NULL);

-- ============================================================
-- 8. 批次-订单关联
-- ============================================================
INSERT INTO delivery_batch_orders (batch_id, order_id, stop_sequence) VALUES
-- 已完成批次
(1, 10001, 1), (1, 10005, 2),
(2, 10002, 1), (2, 10004, 2),
(3, 10003, 1), (3, 10006, 2),
(4, 10008, 1),
(5, 10007, 1), (5, 10009, 2),
(6, 10010, 1),
(7, 10011, 1), (7, 10012, 2),
-- 配送中批次
(8,  10016, 1), (8,  10015, 2),
(9,  10017, 1), (9,  10013, 2), (9, 10019, 3),
(10, 10018, 1), (10, 10014, 2),
-- 待出发批次
(11, 10020, 1),
(12, 10021, 1), (12, 10022, 2);

-- ============================================================
-- 9. 运输路线 (delivery_route) — 配送中批次的路线数据
-- route_data: JSON格式的路线坐标点数组
-- ============================================================
INSERT INTO delivery_route (id, batch_id, delivery_time, warehouse_id, route_data, total_distance, total_duration, status, current_index, started_at, completed_at) VALUES
-- 批次8: 张伟 华北仓(北京) → 周雨萱(成都) → 赵丽颖(南京) — 配送中
(1, 8, '2026-02-14 08:30:00', 1,
 '[{"lng":116.527834,"lat":39.793421,"name":"华北一号仓"},{"lng":116.200000,"lat":38.500000,"name":"石家庄中转"},{"lng":114.500000,"lat":36.600000,"name":"邯郸中转"},{"lng":112.500000,"lat":34.700000,"name":"洛阳中转"},{"lng":108.900000,"lat":34.200000,"name":"西安中转"},{"lng":106.500000,"lat":31.800000,"name":"广元中转"},{"lng":104.081720,"lat":30.657130,"name":"成都-周雨萱"},{"lng":108.300000,"lat":31.500000,"name":"万州中转"},{"lng":114.300000,"lat":30.500000,"name":"武汉中转"},{"lng":118.778050,"lat":32.048420,"name":"南京-赵丽颖"}]',
 2850.50, 2160, 'IN_PROGRESS', 5, '2026-02-14 08:30:00', NULL),
-- 批次9: 李强 华东仓(上海) → 吴志远(武汉) → 林美琪(广州) → 孙浩然(西安) — 配送中
(2, 9, '2026-02-14 09:00:00', 2,
 '[{"lng":121.329876,"lat":31.302547,"name":"华东中心仓"},{"lng":119.000000,"lat":31.000000,"name":"常州中转"},{"lng":117.200000,"lat":31.800000,"name":"合肥中转"},{"lng":114.352950,"lat":30.553780,"name":"武汉-吴志远"},{"lng":113.325020,"lat":23.129110,"name":"广州-林美琪"},{"lng":110.300000,"lat":25.200000,"name":"桂林中转"},{"lng":107.800000,"lat":30.800000,"name":"重庆中转"},{"lng":108.959630,"lat":34.218640,"name":"西安-孙浩然"}]',
 3200.80, 2880, 'IN_PROGRESS', 3, '2026-02-14 09:00:00', NULL),
-- 批次10: 王磊 华南仓(广州) → 刘天赐(北京海淀) → 黄晓峰(杭州) — 配送中
(3, 10, '2026-02-14 09:30:00', 3,
 '[{"lng":113.298765,"lat":23.256432,"name":"华南智能仓"},{"lng":113.600000,"lat":24.800000,"name":"韶关中转"},{"lng":114.300000,"lat":27.100000,"name":"吉安中转"},{"lng":115.800000,"lat":28.700000,"name":"南昌中转"},{"lng":117.000000,"lat":31.800000,"name":"合肥中转"},{"lng":116.800000,"lat":35.000000,"name":"济宁中转"},{"lng":116.303290,"lat":40.050830,"name":"北京海淀-刘天赐"},{"lng":118.800000,"lat":36.800000,"name":"潍坊中转"},{"lng":120.130190,"lat":30.274150,"name":"杭州-黄晓峰"}]',
 3500.20, 3120, 'IN_PROGRESS', 4, '2026-02-14 09:30:00', NULL);

-- ============================================================
-- 10. 实时位置 (delivery_location) — 配送中批次的GPS轨迹
-- ============================================================
INSERT INTO delivery_location (id, route_id, latitude, longitude, address, path_index, recorded_at) VALUES
-- 批次8路线: 张伟 从北京出发，当前在洛阳附近
(1,  1, 39.793421, 116.527834, '华北一号仓-出发',     0, '2026-02-14 08:30:00'),
(2,  1, 39.200000, 116.300000, '河北保定附近',         0, '2026-02-14 10:00:00'),
(3,  1, 38.500000, 116.200000, '石家庄中转站',         1, '2026-02-14 12:00:00'),
(4,  1, 37.500000, 115.300000, '河北邢台附近',         1, '2026-02-14 14:00:00'),
(5,  1, 36.600000, 114.500000, '邯郸中转站',           2, '2026-02-14 16:00:00'),
(6,  1, 35.800000, 113.600000, '河南安阳附近',         2, '2026-02-14 18:00:00'),
(7,  1, 34.700000, 112.500000, '洛阳中转站',           3, '2026-02-15 08:00:00'),
(8,  1, 34.200000, 111.000000, '三门峡附近',           3, '2026-02-15 10:00:00'),
(9,  1, 34.200000, 109.500000, '渭南附近',             4, '2026-02-15 12:00:00'),
(10, 1, 34.200000, 108.900000, '西安中转站',           4, '2026-02-15 14:00:00'),
(11, 1, 33.500000, 107.500000, '汉中附近',             5, '2026-02-15 16:00:00'),
-- 批次9路线: 李强 从上海出发，当前在武汉
(12, 2, 31.302547, 121.329876, '华东中心仓-出发',     0, '2026-02-14 09:00:00'),
(13, 2, 31.100000, 120.200000, '苏州附近',             0, '2026-02-14 10:30:00'),
(14, 2, 31.000000, 119.000000, '常州中转站',           1, '2026-02-14 12:00:00'),
(15, 2, 31.500000, 117.800000, '南京附近',             1, '2026-02-14 14:00:00'),
(16, 2, 31.800000, 117.200000, '合肥中转站',           2, '2026-02-14 16:00:00'),
(17, 2, 31.200000, 115.800000, '黄冈附近',             2, '2026-02-14 18:00:00'),
(18, 2, 30.553780, 114.352950, '武汉-吴志远 已送达',   3, '2026-02-15 08:00:00'),
-- 批次10路线: 王磊 从广州出发，当前在合肥附近
(19, 3, 23.256432, 113.298765, '华南智能仓-出发',     0, '2026-02-14 09:30:00'),
(20, 3, 24.200000, 113.500000, '清远附近',             0, '2026-02-14 11:00:00'),
(21, 3, 24.800000, 113.600000, '韶关中转站',           1, '2026-02-14 13:00:00'),
(22, 3, 26.000000, 114.000000, '赣州附近',             1, '2026-02-14 16:00:00'),
(23, 3, 27.100000, 114.300000, '吉安中转站',           2, '2026-02-14 18:00:00'),
(24, 3, 28.700000, 115.800000, '南昌中转站',           3, '2026-02-15 08:00:00'),
(25, 3, 30.200000, 116.500000, '安庆附近',             3, '2026-02-15 10:00:00'),
(26, 3, 31.800000, 117.000000, '合肥中转站',           4, '2026-02-15 12:00:00');

SET FOREIGN_KEY_CHECKS = 1;

-- ============================================================
-- 数据统计
-- 用户: 16 (1管理员 + 3商户 + 4配送员 + 8消费者)
-- 库存: 15个商品 (全部带描述)
-- 商城: 15个上架商品 (全部带描述)
-- 订单: 30笔 (12已收货 + 3已到达 + 4运输中 + 3已揽收 + 3已发货 + 5未发货)
-- 批次: 12个 (7已完成 + 3配送中 + 2待出发)
-- 路线: 3条 (配送中批次，含中转站坐标)
-- 位置: 26个GPS轨迹点 (3条路线的实时位置)
-- 地址: 12个
-- 密码: 全部为 "123"
-- ============================================================
